AuthorName,AuthorID,AffiliationName,AffiliationID,TopPaperCount
jiawei han,7E7A3A69,university of illinois at urbana champaign,0966B229,297
hanspeter seidel,7F425224,max planck society,08EF476D,275
philip s yu,7EAA8442,ibm,4FF45383,246
don towsley,7945B8D1,university of massachusetts amherst,01776B6C,183
qiang yang,7DB54482,hong kong university of science and technology,0BF77E37,158
xiaoou tang,811EE217,the chinese university of hong kong,0A97E0C1,139
thomas s huang,8020C741,university of illinois at urbana champaign,0966B229,139
michael stonebraker,772560B2,university of california berkeley,05B090CE,139
william t freeman,7DED7D82,massachusetts institute of technology,03D00B37,134
christos h papadimitriou,764C8B24,university of california berkeley,05B090CE,131
bernhard scholkopf,11BA75DA,max planck society,08EF476D,124
jeffrey f naughton,7BB77CB9,university of wisconsin madison,0810AAFA,122
raghu ramakrishnan,80FCA44F,university of wisconsin madison,0810AAFA,121
yunhao liu,7F046EF7,tsinghua university,05E79D01,118
jeffrey d ullman,2972FEB7,stanford university,05C86094,117
jeffrey xu yu,7E52D700,the chinese university of hong kong,0A97E0C1,112
david r karger,77F4D615,massachusetts institute of technology,03D00B37,112
yvo desmedt,7CDDE7E6,university college london,02B09E25,110
daniel cohenor,00986B65,tel aviv university,00FA1C18,105
barry boehm,7B4DA5C9,university of southern california,0011EAC4,102
pascal fua,13E99422,ecole polytechnique federale de lausanne,004E3300,101
onur mutlu,80C6C70F,carnegie mellon university,0477FFD3,100
andrew y ng,7D6E9EF4,stanford university,05C86094,100
ion stoica,80D58ED8,university of california berkeley,05B090CE,100
alex aiken,7B3AD69E,stanford university,05C86094,95
xuemin lin,7EB04793,university of new south wales,01E46A0B,94
narendra ahuja,7EE6247D,university of illinois at urbana champaign,0966B229,92
wenmei w hwu,468BA1A6,university of illinois at urbana champaign,0966B229,90
christopher d manning,80197C8B,stanford university,05C86094,90
hari balakrishnan,771E2668,massachusetts institute of technology,03D00B37,88
lei chen,7DD0E3D6,hong kong university of science and technology,0BF77E37,88
katsushi ikeuchi,6B8A3D94,university of tokyo,04756336,87
jennifer rexford,77221471,princeton university,01328BF3,87
martin rinard,147A0693,massachusetts institute of technology,03D00B37,86
luc van gool,7D67485A,eth zurich,021CC5D8,86
george varghese,799EFB29,university of california san diego,0229448F,85
lise getoor,764FCAE4,university of maryland college park,03FD8454,83
lei zhang,8559CDDA,hong kong polytechnic university,00D956B2,83
dimitris metaxas,76B79681,rutgers university,06194FDE,83
ran canetti,28FB3C46,ibm,4FF45383,82
charu c aggarwal,7FEE7CA3,ibm,4FF45383,82
zheng chen,810B4A93,microsoft,4CE6FC2D,81
xiaofang zhou,7EE5D112,university of queensland,09D7E4FA,81
james e smith,808676DA,university of wisconsin madison,0810AAFA,81
william w cohen,7E16380F,carnegie mellon university,0477FFD3,80
masaru kitsuregawa,174D2049,university of tokyo,04756336,79
jian sun,815BC45F,microsoft,4CE6FC2D,78
silvio micali,29B2C4A4,massachusetts institute of technology,03D00B37,77
minos garofalakis,7C880A04,bell labs,044C0559,77
dale schuurmans,6C5B8284,university of alberta,093456D7,75
kori inkpen,283C4F30,microsoft,4CE6FC2D,75
amir pnueli,816C1242,weizmann institute of science,03376F29,75
burhanuddin yeop majlis,6D0C7967,national university of malaysia,34C5E004,74
heng huang,7F682D69,university of texas at arlington,0B46E8A6,73
rajeev motwani,794A4CBC,stanford university,05C86094,72
mary czerwinski,7B7FF7CD,microsoft,4CE6FC2D,72
david e culler,14C1E392,university of california berkeley,05B090CE,72
stan z li,7F86B895,chinese academy of sciences,012E6F4E,71
leandros tassiulas,0F6CB05B,university of thessaly,08AF8B99,71
satinder singh,7D52AFAF,university of michigan,01A8C383,71
david a wood,806FA1FA,university of wisconsin madison,0810AAFA,69
maneesh agrawala,2ACC69A6,university of california berkeley,05B090CE,69
yuanyuan zhou,8075880A,university of illinois at urbana champaign,0966B229,69
nikos mamoulis,011FA885,university of hong kong,350410CF,68
gary mcgraw,7AFB5CF2,cigital,01EF00A9,68
roberto cipolla,7E38E131,university of cambridge,0003B055,67
qiang ji,7FAA8B2D,rensselaer polytechnic institute,09E1E653,66
barbara liskov,7C382DF3,massachusetts institute of technology,03D00B37,65
john h reif,7A43B1CB,duke university,0A2FAFA5,65
alon halevy,807024D0,google,4CF99586,65
moshe tennenholtz,07926FD2,technion israel institute of technology,0A63B3A3,64
susan t dumais,28529322,microsoft,4CE6FC2D,64
mung chiang,7FC6A25D,princeton university,01328BF3,64
jignesh m patel,8080D0EB,university of wisconsin madison,0810AAFA,64
ravi ramamoorthi,7FEB2039,university of california berkeley,05B090CE,63
serge belongie,12375F79,university of california san diego,0229448F,63
wei wang,7F6DC1F4,chinese academy of sciences,012E6F4E,63
rebecca e grinter,1E0B243C,georgia institute of technology,07CA5884,63
leslie pack kaelbling,11DDE1C4,massachusetts institute of technology,03D00B37,63
ariel orda,25A54095,technion israel institute of technology,0A63B3A3,62
gail e kaiser,7D347E77,columbia university,04AF010A,62
anthony steed,81A1A3AC,university college london,02B09E25,62
kun zhou,7F67D084,zhejiang university,0489A984,62
kenneth d forbus,7A118BAC,northwestern university,06ACAD91,62
thomas anderson,80152511,university of washington,0C01DCFD,61
monica s lam,7F535E45,stanford university,05C86094,61
eric brewer,75C458D5,university of california berkeley,05B090CE,61
abigail sellen,765A4CB8,microsoft,4CE6FC2D,61
terrence j sejnowski,12595477,howard hughes medical institute,501CEEC2,60
oded regev,6DC24F70,tel aviv university,00FA1C18,59
ramesh govindan,7D4AA4F2,university of southern california,0011EAC4,59
michael k reiter,54A07336,carnegie mellon university,0477FFD3,59
cedric fournet,6C778D56,microsoft,4CE6FC2D,59
frank maurer,7E7C299F,university of calgary,0A0D2BAD,59
marcus magnor,7BDF3457,max planck society,08EF476D,58
james r larus,25D9B155,university of wisconsin madison,0810AAFA,58
sarit kraus,7E82BE51,bar ilan university,00D4F325,58
susan j eggers,7876C1B8,university of washington,0C01DCFD,58
nick feamster,51D985F7,georgia institute of technology,07CA5884,58
kunle olukotun,77331C70,stanford university,05C86094,58
wei fan,7DF1D45A,ibm,4FF45383,58
long quan,7E2E934F,hong kong university of science and technology,0BF77E37,58
mahmut kandemir,82A47F45,pennsylvania state university,07CB626B,57
divyakant agrawal,8150A0FF,university of california santa barbara,09368EC9,57
feiping nie,85D411FC,university of texas at arlington,0B46E8A6,57
subhash khot,7C717ADF,georgia institute of technology,07CA5884,57
stephen cook,7D1AD4D5,university of toronto,0B0ADEB6,57
ariel felner,7321E834,ben gurion university of the negev,07679147,57
leif kobbelt,76564AB2,rwth aachen university,34ED541F,56
craig macdonald,8015C72E,university of glasgow,00784876,56
hui zhang,7D279314,carnegie mellon university,0477FFD3,56
mooly sagiv,502BED39,tel aviv university,00FA1C18,56
rafael pass,7CA3000D,cornell university,0C4400FF,55
shumin zhai,7BF4B90F,ibm,4FF45383,54
peter l bartlett,6E3F11B9,australian national university,070DD774,54
pattie maes,7FCE5B06,massachusetts institute of technology,03D00B37,54
jimmy lin,80F636E3,university of maryland college park,03FD8454,54
sven koenig,7EF67BA3,university of southern california,0011EAC4,54
tian he,80388B5E,university of minnesota,07C34834,54
vern paxson,2AAF52EA,international computer science institute,4D5D795C,54
alexander g hauptmann,7DF5EE6D,carnegie mellon university,0477FFD3,53
milind tambe,855815E4,university of southern california,0011EAC4,53
todd c mowry,026F876F,carnegie mellon university,0477FFD3,53
thomas gross,7DE5E77C,eth zurich,021CC5D8,53
thomas reps,14592651,university of wisconsin madison,0810AAFA,53
zhili zhang,81027109,university of minnesota,07C34834,52
k k ramakrishnan,7F26F553,at t labs,4F872588,52
paul beame,78579AD1,university of washington,0C01DCFD,52
ashish goel,7DE39847,stanford university,05C86094,52
marti a hearst,814DA0EC,university of california berkeley,05B090CE,52
johan hastad,32FFEED1,royal institute of technology,052F5108,52
dawn song,7F08534C,university of california berkeley,05B090CE,52
richard szeliski,7572D13D,microsoft,4CE6FC2D,52
jiebo luo,7AC7BD33,university of rochester,005237C4,52
guohong cao,812FDF0F,pennsylvania state university,07CB626B,52
mingsyan chen,7E80B9BB,national taiwan university,00FF56A8,51
mark bolas,2BA00B5B,university of southern california,0011EAC4,51
david p woodruff,7FB3FA24,ibm,4FF45383,51
srinivasan seshan,7CCEBFE2,carnegie mellon university,0477FFD3,51
david w jacobs,7DA7B04F,university of maryland college park,03FD8454,51
jens palsberg,004C820F,university of california los angeles,099D876D,51
weiming hu,7E9C9129,chinese academy of sciences,012E6F4E,51
wen gao,7E6CF333,peking university,0134B592,50
mikko h lipasti,84EF3E46,university of wisconsin madison,0810AAFA,50
aniket kittur,781AB30C,carnegie mellon university,0477FFD3,50
anand sivasubramaniam,812B3684,pennsylvania state university,07CB626B,49
jan camenisch,775045AA,ibm,4FF45383,49
dani lischinski,0F67D61D,hebrew university of jerusalem,0BC1D058,49
andrew w moore,7D1AB532,carnegie mellon university,0477FFD3,49
giuseppe de giacomo,7DFE1110,sapienza university of rome,335ED749,49
prasant mohapatra,7F1AA18B,university of california davis,050513B0,49
david f redmiles,1294FFFC,university of california irvine,0C2C9DD2,49
yi ma,7FE30EDB,university of illinois at urbana champaign,0966B229,48
heikki mannila,12857062,university of helsinki,07F892EC,48
geri gay,7ED20B3B,cornell university,0C4400FF,48
vivek narasayya,7AA24862,microsoft,4CE6FC2D,48
luca trevisan,7E1F898D,university of california berkeley,05B090CE,48
w keith edwards,8127D2A3,georgia institute of technology,07CA5884,48
anna r karlin,78FA9022,university of washington,0C01DCFD,48
pierangela samarati,7C74292B,university of milan,0B46561F,47
harpreet s sawhney,7B50CE3E,sarnoff corporation,4E13CA1C,47
yizhou yu,81597542,university of illinois at urbana champaign,0966B229,47
hamid pirahesh,83E84990,ibm,4FF45383,47
bart preneel,80880315,katholieke universiteit leuven,05EDB3A0,47
dawson r engler,80F7AFD3,stanford university,05C86094,47
eitan grinspun,7CF7FD47,columbia university,04AF010A,47
adrian david cheok,0140BA9F,national university of singapore,09E3EE34,47
han liu,8065A321,princeton university,01328BF3,46
thomas l griffiths,7E808425,university of california berkeley,05B090CE,46
mounia lalmas,02C02B45,queen mary university of london,09EA1A37,46
jakob e bardram,774BB1C2,it university of copenhagen,04F99C7A,46
oliver deussen,04725FA3,university of konstanz,0B4EC93C,46
hujun bao,7D29BB8C,zhejiang university,0489A984,46
gang hua,7F20C7DE,stevens institute of technology,06771A5A,45
andre van der hoek,7F5DF39A,university of california irvine,0C2C9DD2,45
judea pearl,82C8A989,university of california los angeles,099D876D,45
baba c vemuri,140F7A52,university of florida,01FACAD8,45
tomas pajdla,76FA67EE,czech technical university in prague,02A71496,45
edwin r hancock,7A0307AC,university of york,031AFA6D,45
hermann ney,79A76B63,rwth aachen university,34ED541F,45
wei wang,847143F3,chinese academy of sciences,012E6F4E,45
yiannis aloimonos,110D005D,university of maryland college park,03FD8454,45
jaideep srivastava,7F94E5D4,university of minnesota,07C34834,45
ramesh jain,7F261178,university of michigan,01A8C383,45
eduard hovy,79FC7641,information sciences institute,0B0338EC,45
srinivasa g narasimhan,7A8903D3,carnegie mellon university,0477FFD3,45
xiaojin zhu,7F16FF6E,university of wisconsin madison,0810AAFA,44
prasad tadepalli,76D36103,oregon state university,07D2B6B9,44
alessandro cimatti,581DE95E,university of trento,0B845BA3,44
tinne tuytelaars,752CFFDC,katholieke universiteit leuven,05EDB3A0,44
emerson murphyhill,4829AB15,north carolina state university,083839C7,44
michael lesk,0D6ED370,rutgers university,06194FDE,44
boon thau loo,7FC400DE,university of pennsylvania,04BE3F72,44
ronen i brafman,292C39AB,ben gurion university of the negev,07679147,44
robert balzer,8007526B,information sciences institute,0B0338EC,44
rakesh agrawal,7F75CF5C,ibm,4FF45383,43
sachin katti,7EF9A66F,stanford university,05C86094,43
lionel c briand,7FD35A4C,university of luxembourg,0B23EC19,43
peter wonka,2B759249,arizona state university,0352694C,43
elad hazan,7F8502F5,princeton university,01328BF3,43
jimeng sun,7DC9EEBE,ibm,4FF45383,43
andrew t duchowski,019948A3,clemson university,007B4591,43
james a landay,01C0BF6D,university of california berkeley,05B090CE,43
john lafferty,75D12588,carnegie mellon university,0477FFD3,43
moshe sidi,814A289F,technion israel institute of technology,0A63B3A3,43
elaine shi,8045B6EA,university of maryland college park,03FD8454,43
brian d davison,8359D325,lehigh university,0B185497,43
ravi kumar,7EA3D2C5,yahoo,4F05DC4B,42
nicholas j belkin,28B1FBAD,rutgers university,06194FDE,42
jeffrey s foster,8075E7B2,university of maryland college park,03FD8454,42
brian n bershad,7684F547,university of washington,0C01DCFD,42
patrick mcdaniel,7A8F3DBE,pennsylvania state university,07CB626B,42
vaughan r pratt,7E63E586,stanford university,05C86094,42
ralf schenkel,789D5034,max planck society,08EF476D,42
shriram krishnamurthi,7F283270,brown university,01A842AA,42
matthew b dwyer,808ADBC8,university of nebraska lincoln,06D18AFD,42
volker tresp,0A716934,siemens,4F076E00,42
nebojsa jojic,7CB1BDE5,microsoft,4CE6FC2D,41
naftali tishby,816A69B2,hebrew university of jerusalem,0BC1D058,41
christopher jermaine,10C096C0,university of florida,01FACAD8,41
bin cui,7B6ED9F5,peking university,0134B592,41
yasuyuki matsushita,7CE892C0,microsoft,4CE6FC2D,41
adrian perrig,83ED96BF,carnegie mellon university,0477FFD3,41
carlo ghezzi,851B26C0,instituto politecnico nacional,0389C918,41
kilian q weinberger,77713473,washington university in st louis,0C2FE58D,41
mary lou soffa,28F17933,university of pittsburgh,0A2510E5,41
baruch schieber,7DACC10F,ibm,4FF45383,41
insup lee,813D0A4D,university of pennsylvania,04BE3F72,41
maurice herlihy,7B47207B,brown university,01A842AA,40
eiichiro sumita,0604F6C5,national institute of information and communications technology,055DA639,40
marin litoiu,480F25A3,york university,0B78A521,40
lu zhang,7D5AA182,peking university,0134B592,40
vladlen koltun,6BD62605,stanford university,05C86094,40
yan chen,7D51F344,northwestern university,06ACAD91,40
eugene charniak,062A0022,brown university,01A842AA,40
alvin r lebeck,7A392F9E,duke university,0A2FAFA5,40
frank tip,8104A982,ibm,4FF45383,40
khai n truong,7FD00BDA,university of toronto,0B0ADEB6,39
yuliang zheng,7E2F21DB,monash university,035F81F4,39
yael dubinsky,7A3A718C,ibm,4FF45383,39
charles e leiserson,080885C2,massachusetts institute of technology,03D00B37,39
oren kurland,014CF1D5,technion israel institute of technology,0A63B3A3,39
james allan,7CFE2621,university of massachusetts amherst,01776B6C,39
anoop gupta,856A7126,stanford university,05C86094,39
dimitris samaras,7592D413,stony brook university,038CB6F6,39
mendel rosenblum,7D58C4D3,stanford university,05C86094,39
michael j fischer,80B8C8FB,yale university,01F71AD0,39
kenneth l mcmillan,7BE79D99,cadence design systems,03F265ED,39
harold ossher,7905947C,ibm,4FF45383,39
alex waibel,7AD98080,carnegie mellon university,0477FFD3,39
francis bach,7E70A12A,french institute for research in computer science and automation,4F10C1EB,38
gordon plotkin,7BC5A0FF,university of edinburgh,05E1B1D9,38
aristides gionis,2BF27CC6,yahoo,4F05DC4B,38
kim guldstrand larsen,81124D44,aalborg university,351E811C,38
anthony yezzi,7F13CD3A,georgia institute of technology,07CA5884,38
janmichael frahm,793151E7,university of north carolina at chapel hill,06CBEAA9,38
injong rhee,804EB92D,north carolina state university,083839C7,38
david maier,7B0E79D1,portland state university,0787E01C,38
john hosking,7B69ED8C,university of auckland,092FD9CF,38
don batory,79037AE8,university of texas at austin,05282E0D,38
jue wang,7DD52D07,adobe systems,4DDE3B69,38
cynthia dwork,83BD0309,microsoft,4CE6FC2D,38
laszlo babai,685CB206,university of chicago,0267A61E,38
christopher k i williams,7E0B8362,university of edinburgh,05E1B1D9,38
michael j neely,7E65174D,university of southern california,0011EAC4,38
yigal bejerano,7FF91A57,bell labs,044C0559,38
qi tian,7D4D4865,university of texas at san antonio,02B554FC,38
markus jakobsson,7AA52464,indiana university bloomington,09DC92C5,37
rachel k e bellamy,79B1AC62,ibm,4FF45383,37
c v jawahar,2AA220A9,international institute of information technology hyderabad,03D37308,37
andy wellings,7D732333,university of york,031AFA6D,37
duncan p brumby,4AC61678,university college london,02B09E25,37
tomaso poggio,295C8CBD,massachusetts institute of technology,03D00B37,37
rada mihalcea,7B4613A0,university of north texas,075CFC38,37
andrey rybalchenko,75DD84E3,max planck society,08EF476D,37
catherine plaisant,0CE93C5F,university of maryland college park,03FD8454,37
henning schulzrinne,7C5A7E88,columbia university,04AF010A,37
wheeler ruml,75EEC1CE,university of new hampshire,09998A84,37
dragomir r radev,286B65E2,university of michigan,01A8C383,37
sebastian elbaum,0FA216E9,university of nebraska lincoln,06D18AFD,37
yin zhang,7D41530D,university of texas at austin,05282E0D,37
kyoung mu lee,80ECE633,seoul national university,084D01D3,37
toshio nakatani,78470AAD,ibm,4FF45383,36
longbing cao,7E11A500,university of technology sydney,06CBC4BA,36
xinbing wang,7E0DFF97,shanghai jiao tong university,0AE9651A,36
bo li,85A4DFF2,hong kong university of science and technology,0BF77E37,36
shai avidan,10AF61A7,tel aviv university,00FA1C18,36
steven dow,8027C490,carnegie mellon university,0477FFD3,36
nikolai tillmann,7E509AE2,microsoft,4CE6FC2D,36
saburo tsuji,79948762,osaka university,05DBB954,36
steve zdancewic,76DD42F1,university of pennsylvania,04BE3F72,36
krisztian balog,7D309E3E,university of amsterdam,34DF872C,36
shmuel peleg,0D9B2E8F,hebrew university of jerusalem,0BC1D058,36
niloy ganguly,7D073802,indian institute of technology kharagpur,08B22DAB,36
jirong wen,7B2715A0,microsoft,4CE6FC2D,36
weiyi meng,7E60503D,binghamton university,07634566,36
david mazieres,116E93F4,stanford university,05C86094,36
andrew w appel,7E61A97F,princeton university,01328BF3,35
eran yahav,803CD881,ibm,4FF45383,35
martin p robillard,7F5E2DC9,mcgill university,004CA7A3,35
jonathan m smith,7FEC3B56,university of pennsylvania,04BE3F72,35
visvanathan ramesh,7F9981B5,siemens,4F076E00,35
mani srivastava,7D16BD8A,university of california los angeles,099D876D,35
jeff kramer,7CEB7744,imperial college london,02D4EDF8,35
victor shoup,82A3A68D,new york university,0368E8BE,35
yiqun liu,7DD4CC47,tsinghua university,05E79D01,35
alex s taylor,80F89F78,microsoft,4CE6FC2D,35
donald kossmann,77F12283,eth zurich,021CC5D8,35
stratos idreos,82774AE0,college of western idaho,2BECA4ED,35
sanjay shakkottai,04F50656,university of texas at austin,05282E0D,35
koushik sen,809DF862,university of california berkeley,05B090CE,35
chitta baral,77D60AB1,arizona state university,0352694C,35
enhong chen,7F56748E,university of science and technology of china,078A8AE9,35
douglas c schmidt,7E7B748C,vanderbilt university,0BF6BC56,35
mario szegedy,7D57796A,at t,4C7A9B63,34
sanja fidler,759CF2E7,university of toronto,0B0ADEB6,34
tanzeem choudhury,76D08766,cornell university,0C4400FF,34
dong xu,85FD9472,nanyang technological university,0A4ACFBD,34
michael backes,79E9A728,saarland university,05776AD7,34
erik wilde,8030F1F6,university of california berkeley,05B090CE,34
flip korn,8568CB91,at t labs,4F872588,34
dan i moldovan,774BA42C,university of southern california,0011EAC4,34
stephen robertson,7EECE471,microsoft,4CE6FC2D,34
makoto sato,825AC2A3,tokyo institute of technology,06D39D72,34
michal irani,803E539B,weizmann institute of science,03376F29,34
viktor kuncak,0240C18C,ecole polytechnique federale de lausanne,004E3300,34
richard e ladner,59B4CED3,university of washington,0C01DCFD,34
philippe palanque,0538E229,university of toulouse,01109E6D,33
chia shen,7F56969A,mitsubishi electric research laboratories,0B09F358,33
vagelis hristidis,0E3B95F3,florida international university,012C9CDF,33
klaus berberich,7B069878,max planck society,08EF476D,33
david kaeli,81DF99FF,northeastern university,00C50601,33
ronitt rubinfeld,5B7834D6,massachusetts institute of technology,03D00B37,33
leonard j schulman,7E23B3F3,california institute of technology,074BDB0A,33
paramvir bahl,7CB9C8C0,microsoft,4CE6FC2D,33
alexandros labrinidis,071C31EA,university of pittsburgh,0A2510E5,33
ellen zegura,7B504DCB,georgia institute of technology,07CA5884,33
marc pollefeys,83036BE5,eth zurich,021CC5D8,33
sven dickinson,7DA549DC,university of toronto,0B0ADEB6,33
daniel g aliaga,7DA58E5A,purdue university,0D109F83,33
alessandro garcia,80111903,pontifical catholic university of rio de janeiro,002932B0,33
s v n vishwanathan,7572E010,purdue university,0D109F83,32
danny dig,23E5B8FB,university of illinois at urbana champaign,0966B229,32
uzi vishkin,023FA787,university of maryland college park,03FD8454,32
venu govindaraju,7D4C3759,university at buffalo,03C436D1,32
martin vechev,0261EB40,eth zurich,021CC5D8,32
ken perlin,43077759,new york university,0368E8BE,32
lirong xia,7F6A9288,duke university,0A2FAFA5,32
ken kennedy,7F585A26,rice university,0474FB72,32
keith w ross,81256C2A,university of pennsylvania,04BE3F72,32
jeffrey f cohn,7EABFA2A,university of pittsburgh,0A2510E5,32
iryna gurevych,026405C8,technische universitat darmstadt,01E0D8CE,32
yair bartal,76E69D74,hebrew university of jerusalem,0BC1D058,32
ralf herbrich,4D25EB8A,microsoft,4CE6FC2D,32
dennis hofheinz,76B8CFBB,karlsruhe institute of technology,0619822C,32
tok wang ling,8135EE00,national university of singapore,09E3EE34,32
junghoo cho,812A4E4A,university of california los angeles,099D876D,32
orit hazzan,0FE1392D,technion israel institute of technology,0A63B3A3,32
mike burmester,7812CCC4,florida state university,0626251D,32
shari lawrence pfleeger,0762E023,rand corporation,4E12B79F,32
jun wang,7DEBB2A0,ibm,4FF45383,32
antonio kruger,7FD30B73,university of munster,0156CBB8,32
taro maeda,7FF59760,osaka university,05DBB954,32
shamkant b navathe,7B1A5BE4,georgia institute of technology,07CA5884,32
xiaodong zhang,7FA5C32D,ohio state university,031EE95E,31
guoliang xing,7D9335E2,michigan state university,0532D181,31
luiz velho,7C7CA35B,instituto nacional de matematica pura e aplicada,0874F9B7,31
yoram bachrach,0EB9735F,microsoft,4CE6FC2D,31
tobias scheffer,75B7B650,max planck society,08EF476D,31
sorin lerner,848BA3FF,university of california san diego,0229448F,31
john kim,7E296FB8,kaist,09630970,31
don coppersmith,7973FED6,ibm,4FF45383,31
matthias jarke,0EF8EB63,rwth aachen university,34ED541F,31
alan fern,7F8A8921,oregon state university,07D2B6B9,31
eepeng lim,7F518C99,nanyang technological university,0A4ACFBD,31
harold thimbleby,7B083A67,swansea university,025C0B1D,31
karthikeyan sankaralingam,481F1B43,university of wisconsin madison,0810AAFA,31
maosong sun,8093C422,tsinghua university,05E79D01,31
huib de ridder,7DCD849D,delft university of technology,05DCD65A,31
fabio casati,7FDD4599,university of trento,0B845BA3,31
david poole,7B3378D4,university of british columbia,0875EA92,31
sriram subramanian,8639D64C,university of bristol,0228E4F2,31
dominique unruh,767BC595,saarland university,05776AD7,31
jianxiong xiao,7DC48C30,princeton university,01328BF3,31
kristina lerman,8020AF70,information sciences institute,0B0338EC,31
eike kiltz,80AA2186,college of western idaho,2BECA4ED,31
ron wakkary,109657A7,simon fraser university,0112E226,31
eero p simoncelli,7ACFC1D8,center for neural science,01F19718,31
duen horng chau,78AC5BBF,georgia institute of technology,07CA5884,31
a prasad sistla,2A69556A,university of illinois at chicago,0259891E,30
qiong luo,7E52120D,hong kong university of science and technology,0BF77E37,30
anna lysyanskaya,0C363155,brown university,01A842AA,30
monika henzinger,7651D7D1,google,4CF99586,30
bernice e rogowitz,21C1E624,ibm,4FF45383,30
b s manjunath,819C04EE,university of california santa barbara,09368EC9,30
jason eisner,7897C15D,johns hopkins university,08A948CC,30
eddie kohler,7E100CE1,university of california los angeles,099D876D,30
constantinos daskalakis,7C967832,massachusetts institute of technology,03D00B37,30
eric rotenberg,7FDBCD48,north carolina state university,083839C7,30
catherine meadows,77D27765,united states naval research laboratory,4CC89935,30
stratis d viglas,13FD3360,university of edinburgh,05E1B1D9,30
oscar nierstrasz,7C22D304,university of bern,071126B7,30
alexander c berg,7E720E7D,stony brook university,038CB6F6,30
steven minton,7E83493D,information sciences institute,0B0338EC,30
n asokan,43CB1B8C,aalto university,009779A9,30
dimitris achlioptas,1357C5F0,microsoft,4CE6FC2D,30
saswati sarkar,7EE97CA1,university of pennsylvania,04BE3F72,30
ben taskar,5D39416E,university of pennsylvania,04BE3F72,30
ian oakley,8108F36B,university of madeira,03757322,30
eli bensasson,0DE9F16D,technion israel institute of technology,0A63B3A3,30
aaron f bobick,12AFCB34,georgia institute of technology,07CA5884,30
joakim nivre,042E7616,uppsala university,075ABF1F,30
mario fritz,7D3902F2,max planck society,08EF476D,29
shoude lin,8163F503,national taiwan university,00FF56A8,29
vincent conitzer,0175B328,carnegie mellon university,0477FFD3,29
ouri wolfson,80148880,university of illinois at chicago,0259891E,29
lars r knudsen,794F0FDC,technical university of denmark,05C31D4B,29
david b shmoys,803409F7,cornell university,0C4400FF,29
subhash suri,7F265FD4,university of california santa barbara,09368EC9,29
j p singh,8092FA93,princeton university,01328BF3,29
hassan gomaa,7471DD11,george mason university,09B2D407,29
manfred k warmuth,75E08B05,university of california santa cruz,0B08755E,29
andre scedrov,7D53E14F,university of pennsylvania,04BE3F72,29
edward m riseman,7D297DCC,university of massachusetts amherst,01776B6C,29
koichi kise,7ECAEB8C,osaka prefecture university,00F133C8,29
weixiong zhang,7F74F088,washington university in st louis,0C2FE58D,29
farnam jahanian,7E8A2356,university of michigan,01A8C383,29
jean vanderdonckt,796F5D63,universite catholique de louvain,05B3DFF1,29
anand rangarajan,7917570B,university of florida,01FACAD8,29
byron cook,80049030,microsoft,4CE6FC2D,29
jeffrey heer,7DED193A,stanford university,05C86094,29
ce liu,805CEE9C,microsoft,4CE6FC2D,29
chen ding,7DC4D2E4,university of rochester,005237C4,29
john c knight,81DAC9D0,university of virginia,0312B01D,29
edmond boyer,7F746615,french institute for research in computer science and automation,4F10C1EB,28
james r lee,7DC1E3B9,university of washington,0C01DCFD,28
eli blevis,4BE660F9,indiana university bloomington,09DC92C5,28
alberto sillitti,072FD8B8,free university of bozen bolzano,0A398D80,28
pierre wolper,7E5D42AB,university of liege,0965EC45,28
gem stapleton,80E5260B,university of brighton,04451824,28
chengzheng sun,80DDE5C9,griffith university,00B28C35,28
mohan m trivedi,7F11CDCF,university of california san diego,0229448F,28
in so kweon,78C97592,kaist,09630970,28
werner geyer,7EE9BDAC,ibm,4FF45383,28
kenton ohara,79D7A0DD,microsoft,4CE6FC2D,28
peter brusilovsky,79291EFB,university of pittsburgh,0A2510E5,28
alex biryukov,8136397D,university of luxembourg,0B23EC19,28
karin coninx,80DD7947,university of hasselt,345C2848,28
ben y zhao,81212FE4,university of california santa barbara,09368EC9,28
calton pu,85F27E65,georgia institute of technology,07CA5884,28
phong q nguyen,806F9E44,ecole normale superieure,01C3C549,28
anupam datta,7FFA0EF1,carnegie mellon university,0477FFD3,28
lori pollock,7D2A31FF,university of delaware,0527EA39,28
lihong li,7EB3D637,rutgers university,06194FDE,28
charles elkan,2A0FC38B,university of california san diego,0229448F,28
feng zhao,7F0FE2D2,microsoft,4CE6FC2D,28
branislav kveton,07D1F319,technicolor,86317390,28
juanzi li,7EE857A4,tsinghua university,05E79D01,28
xavier boyen,04025B48,university of liege,0965EC45,28
diane j cook,7D932ACE,washington state university,04592826,28
hsienhsin s lee,800628BD,georgia institute of technology,07CA5884,28
jane w s liu,7FE46154,university of illinois at urbana champaign,0966B229,28
randal e bryant,803EBC75,carnegie mellon university,0477FFD3,28
harald reiterer,5EAC31BB,university of konstanz,0B4EC93C,28
shoichi hasegawa,7D42F37E,tokyo institute of technology,06D39D72,28
jane clelandhuang,0DC6E22D,depaul university,070DED1B,28
raghu meka,80ABFAB6,university of texas at austin,05282E0D,28
paolo favaro,785DA368,heriot watt university,01E93C2F,28
shimon ullman,7D75E422,weizmann institute of science,03376F29,27
bobby bodenheimer,7CC1A729,vanderbilt university,0BF6BC56,27
christopher olston,789B665A,yahoo,4F05DC4B,27
jun yan,8516252A,microsoft,4CE6FC2D,27
yasushi yagi,71F2991C,osaka university,05DBB954,27
miryung kim,7F75F51A,university of texas at austin,05282E0D,27
chennee chuah,821A2BEE,university of california davis,050513B0,27
yijun yu,7FDD206A,open university,0C2AE079,27
yasuyuki yanagida,5E62A213,meijo university,05C28CB2,27
eugene c freuder,76D934E8,university of new hampshire,09998A84,27
sampath kannan,7EDD88D0,university of pennsylvania,04BE3F72,27
jayant madhavan,7BE48D58,google,4CF99586,27
amos beimel,14CF2CE7,ben gurion university of the negev,07679147,27
david m krum,08BAE763,university of southern california,0011EAC4,27
jan van den bussche,29055BF2,university of hasselt,345C2848,27
aravind srinivasan,7EDA68FF,university of maryland college park,03FD8454,27
xiaoming fu,80E7C369,university of gottingen,047329C0,27
rob comber,7FEA38E4,newcastle university,050F3ADA,27
steve renals,762E2C93,university of edinburgh,05E1B1D9,27
shipeng yu,80E8CE44,siemens healthcare,0734E3CC,27
aditya akella,7A07BE0C,university of wisconsin madison,0810AAFA,27
sethu vijayakumar,80544153,university of edinburgh,05E1B1D9,27
renato pajarola,75C6CE65,university of zurich,0C14EACF,27
s rao kosaraju,17EB984D,johns hopkins university,08A948CC,27
moira c norrie,29E99451,eth zurich,021CC5D8,27
kristen grauman,8579125E,university of texas at austin,05282E0D,27
yizhou sun,7F0CB66C,university of illinois at urbana champaign,0966B229,27
haifeng wang,7ED4C0D9,toshiba,4D0C933D,26
natasa milicfrayling,0EE8B543,microsoft,4CE6FC2D,26
dharma p agrawal,81294432,university of cincinnati,03C3607B,26
shaowen bardzell,146D172E,indiana university bloomington,09DC92C5,26
susan b davidson,7D02B142,university of pennsylvania,04BE3F72,26
conor linehan,7ED69005,university of lincoln,031251BB,26
alan e willner,802E293F,university of southern california,0011EAC4,26
derek dreyer,79921548,max planck institute for software systems,00243975,26
hiroaki yano,80FBFF5A,university of tsukuba,08B9DFEF,26
orna grumberg,76D5F88B,technion israel institute of technology,0A63B3A3,26
yair weiss,85314534,hebrew university of jerusalem,0BC1D058,26
ben liblit,481DBBF6,university of wisconsin madison,0810AAFA,26
peter g polson,015CE7A3,university of colorado boulder,0B3CDF24,26
marten van dijk,7DF53C99,massachusetts institute of technology,03D00B37,26
bruno blanchet,2B69EC8D,centre national de la recherche scientifique,4D2B1EE6,26
svetha venkatesh,7FF067A1,curtin university,0C41D2F4,26
yoram singer,612E12D0,hebrew university of jerusalem,0BC1D058,26
philip wadler,7AD43D6E,university of edinburgh,05E1B1D9,26
parosh aziz abdulla,745BDEDD,uppsala university,075ABF1F,26
jingren zhou,7E373FCA,microsoft,4CE6FC2D,26
joseph jofish kaye,80B6F3E5,yahoo,4F05DC4B,26
mark s ackerman,7A7ED56E,university of michigan,01A8C383,26
georges gardarin,298DFED1,french institute for research in computer science and automation,4F10C1EB,26
michael wooldridge,7F021684,university of liverpool,08BDCA25,25
ting wang,80AEA51E,nec,070DD5D4,25
kevin c almeroth,1329F41D,university of california santa barbara,09368EC9,25
patrick j flynn,7F033C7D,university of notre dame,066A71BC,25
panos kalnis,0F0DCB6B,king abdullah university of science and technology,04496BAA,25
jack w davidson,7F7751DF,university of virginia,0312B01D,25
jun yang,8018899A,university of pittsburgh,0A2510E5,25
bernhard e riecke,072EA696,max planck society,08EF476D,25
hoan anh nguyen,7D272B61,iowa state university,0A5DAC76,25
youtao zhang,7F59EBAC,university of pittsburgh,0A2510E5,25
swarat chaudhuri,805886F0,rice university,0474FB72,25
david k hsiao,2B92084C,ohio state university,031EE95E,25
sudhakar yalamanchili,80E1809F,georgia institute of technology,07CA5884,25
paul m aoki,7ED93A59,xerox,02066FCD,25
ming ouhyoung,46FDA240,national taiwan university,00FF56A8,25
frank m shipman,2DF083B5,texas a m university,056D3FC6,25
chenyang lu,7D27DD9C,washington university in st louis,0C2FE58D,25
daniel gildea,77783616,university of rochester,005237C4,25
carlos lucena,7DA445B7,pontifical catholic university of rio de janeiro,002932B0,25
bongshin lee,7F8E25E2,microsoft,4CE6FC2D,25
nicholas roy,7D5EE09E,massachusetts institute of technology,03D00B37,25
yi zhang,854F28E6,university of california santa cruz,0B08755E,25
volker markl,750FB7F6,ibm,4FF45383,25
tom holvoet,0E85E786,katholieke universiteit leuven,05EDB3A0,25
steve chien,7F119A13,jet propulsion laboratory,4F8CCD61,25
rainer stiefelhagen,13D4EE6E,karlsruhe institute of technology,0619822C,25
ashutosh saxena,7F849E6B,cornell university,0C4400FF,25
thorsten holz,805D363A,ruhr university bochum,35E9831D,25
ahmed helmy,750CD34C,university of southern california,0011EAC4,25
gary marchionini,08BF3BB3,university of north carolina at chapel hill,06CBEAA9,25
chuanyi ji,7F96E7A8,georgia institute of technology,07CA5884,25
kate saenko,5E396CDB,university of california berkeley,05B090CE,25
edward y chang,806DCF8E,university of california santa barbara,09368EC9,25
kenneth p birman,7CD5FAA3,cornell university,0C4400FF,24
satish chandra,7FCCEF46,ibm,4FF45383,24
shuvendu k lahiri,81D1D22B,microsoft,4CE6FC2D,24
aditya parameswaran,7BD71FE9,stanford university,05C86094,24
nadia magnenat thalmann,11336675,university of geneva,06D27A8D,24
jorn loviscach,1242DC3C,bremen university of applied sciences,09EB92A1,24
yung yi,7CEEA7C0,kaist,09630970,24
zygmunt j haas,79D6F54A,cornell university,0C4400FF,24
jan paredaens,772F28A9,university of antwerp,08E4D2D6,24
djoerd hiemstra,7EB628DE,university of twente,05A3DA1F,24
kjetil norvag,0C169AC5,norwegian university of science and technology,0C34AB7F,24
fabrizio silvestri,7F3379C0,istituto di scienza e tecnologie dell informazione,0754B26A,24
anthony ephremides,10C79F59,university of maryland college park,03FD8454,24
cristiano maciel,7EDA2C92,universidade federal de mato grosso,01F35A06,24
israel cidon,863311A5,technion israel institute of technology,0A63B3A3,24
lior wolf,7ABB8CA9,tel aviv university,00FA1C18,24
kamesh munagala,689F4A21,duke university,0A2FAFA5,24
carl hewitt,7D4AB1A6,massachusetts institute of technology,03D00B37,24
philippe cudremauroux,11AA1A08,university of fribourg,093304A4,24
fernando diaz,80B126F1,yahoo,4F05DC4B,24
diane kelly,81F7CE1B,university of north carolina at chapel hill,06CBEAA9,24
marco brambilla,7C8F29F3,instituto politecnico nacional,0389C918,24
gil segev,3D47E71D,weizmann institute of science,03376F29,24
olga veksler,03FD85DC,university of western ontario,077EC9E4,24
francesco orabona,698516F1,idiap research institute,00725F06,24
andrea zisman,7C250B7F,city university london,0AC72C36,24
f mueller,8500352B,rmit university,04F1BEA5,24
andrew v goldberg,7EEA6757,microsoft,4CE6FC2D,24
christian bohm,7D4C3F27,ludwig maximilian university of munich,007D2F41,24
yossi matias,6FBBD1CE,tel aviv university,00FA1C18,24
themis palpanas,77D6A034,university of trento,0B845BA3,24
tom heskes,78427B5A,radboud university nijmegen,08B1D62B,24
holger h hoos,053AF322,university of british columbia,0875EA92,24
junfeng yang,7D61BA13,columbia university,04AF010A,24
birgit pfitzmann,77479926,ibm,4FF45383,24
grace a lewis,801F8C9A,software engineering institute,06D74A38,24
ge yu,81455CE6,northeastern university,00C50601,24
boris grot,7CAA2A29,university of texas at austin,05282E0D,24
jordan boydgraber,14207605,university of maryland college park,03FD8454,24
gerhard rigoll,03CEDCF7,technische universitat munchen,03C0079C,24
dennis b smith,80FA75D5,software engineering institute,06D74A38,24
steven j gortler,0173637D,harvard university,081E3F30,24
fatma ozcan,78C85AC8,ibm,4FF45383,24
hugo krawczyk,78BC75A4,ibm,4FF45383,23
steven poltrock,0FD701A1,boeing phantom works,00739C9C,23
eli upfal,0FCF201E,brown university,01A842AA,23
vasilis vassalos,11C3D62A,athens university of economics and business,045C11B3,23
waitat fu,7DDB46C8,university of illinois at urbana champaign,0966B229,23
yoav goldberg,7FD987E3,ben gurion university of the negev,07679147,23
shivakumar vaithyanathan,8500A0C0,ibm,4FF45383,23
alan c bovik,128497D5,university of texas at austin,05282E0D,23
eric a hansen,7FD55D90,mississippi state university,05E740A3,23
adrien bartoli,7FC0BD60,centre national de la recherche scientifique,4D2B1EE6,23
ross anderson,7E66729C,university of cambridge,0003B055,23
richard j waldinger,311655DC,sri international,4D634C00,23
riccardo rosati,7955B87B,sapienza university of rome,335ED749,23
dan olteanu,7C0C6E68,university of oxford,02642F55,23
yanyan lan,8065563C,chinese academy of sciences,012E6F4E,23
eric vigoda,7C07A4D1,georgia institute of technology,07CA5884,23
karsten borgwardt,7C579523,max planck society,08EF476D,23
klaus hinrichs,801E9D64,university of munster,0156CBB8,23
eric p s baumer,26A8D6AF,cornell university,0C4400FF,23
gang pan,7D50F583,zhejiang university,0489A984,23
jeannette m wing,5E77872C,carnegie mellon university,0477FFD3,23
zoran b popovic,7F522058,cleveland clinic,4E7E575E,23
torsten grust,787BF689,university of tubingen,007B68B5,23
haojin zhu,7E3D25F6,shanghai jiao tong university,0AE9651A,23
haochuan wang,7D4264CF,national tsing hua university,018A6121,23
peter triantafillou,12F962D5,university of patras,0A6C6FB4,23
alexander russell,7FFC101B,university of connecticut,085ADB71,23
david sands,84C0E8A2,chalmers university of technology,03FC3F40,23
john mccarthy,7D5CB6C9,university college cork,01A4CB11,23
christoph schnorr,80743A3F,university of mannheim,0A990BE9,23
mitchel resnick,7F114FC1,massachusetts institute of technology,03D00B37,23
robert k brayton,797A0123,university of california,0349EE07,23
roberto j bayardo,7D3BB506,ibm,4FF45383,23
tuomas sandholm,4B3ECC7F,carnegie mellon university,0477FFD3,23
kenichi matsumoto,7F409430,nara institute of science and technology,04866877,23
francesc morenonoguer,3AA40063,institut de robotica i informatica industrial,0526E9B4,23
swastik kopparty,593356E0,massachusetts institute of technology,03D00B37,23
oleg v komogortsev,1243C617,texas state university,00CE2969,23
abhishek jain,7E07D105,university of california los angeles,099D876D,22
jianping wang,80545B57,city university of hong kong,0A0E755C,22
ramamohan paturi,309C2CB4,university of california san diego,0229448F,22
sriraam natarajan,80902738,indiana university,00090A43,22
perake larson,8011B20D,microsoft,4CE6FC2D,22
yoram moses,7D18AECB,technion israel institute of technology,0A63B3A3,22
danushka bollegala,78F79C49,university of tokyo,04756336,22
andreas girgensohn,290D0EB7,fx palo alto laboratory,0190EC9A,22
mark wegman,77D1A021,ibm,4FF45383,22
dengyong zhou,7E5744A2,max planck society,08EF476D,22
nikita borisov,8090C6DB,university of illinois at urbana champaign,0966B229,22
mona leigh guha,804DD356,university of maryland college park,03FD8454,22
hua younan,7991F8E7,chartered semiconductor manufacturing,045A0B63,22
per stenstrom,77B5A1CF,chalmers university of technology,03FC3F40,22
susan wiedenbeck,752CE78D,drexel university,045716B5,22
ronan collobert,07C2B543,nec,070DD5D4,22
tomas lozanoperez,0B25E104,massachusetts institute of technology,03D00B37,22
rong zheng,7751003A,university of houston,02A66F75,22
reinhard pichler,784E0789,vienna university of technology,08B17323,22
kemal ebcioglu,0A4077A3,ibm,4FF45383,22
huamin wang,829E2E60,ohio state university,031EE95E,22
derek nowrouzezahrai,14C4D746,disney research,069BF47D,22
fei wu,7F9BC9F3,zhejiang university,0489A984,22
tor m aamodt,724608CD,university of british columbia,0875EA92,22
rene govaerts,796EA04D,katholieke universiteit leuven,05EDB3A0,22
masaaki nagata,7D510BC5,nippon telegraph and telephone,86366AC3,22
paul grunbacher,82ECC19B,johannes kepler university of linz,0743CD5B,22
jing peng,7F907925,tulane university,06D835C2,22
torsten moller,803C7C59,simon fraser university,0112E226,22
adam jatowt,00CA311A,kyoto university,0154426A,22
oscar h ibarra,80CDD1D1,university of california,0349EE07,22
kewen wang,7F9FD80C,griffith university,00B28C35,22
wayne g lutters,14ADADE6,university of maryland baltimore county,04B999C0,22
tamir hazan,7FB00424,hebrew university of jerusalem,0BC1D058,22
thomas b hilburn,1053C82B,embry riddle aeronautical university,0508FCE1,22
nicolas christin,8138C9CB,carnegie mellon university,0477FFD3,22
prasun sinha,7D5C1D24,ohio state university,031EE95E,22
tommi s jaakkola,1447DD1D,massachusetts institute of technology,03D00B37,22
bilge mutlu,8025BAAF,university of wisconsin madison,0810AAFA,22
susan hohenberger,7B3CFE42,johns hopkins university,08A948CC,22
philippe pucheral,06F923F0,french institute for research in computer science and automation,4F10C1EB,22
atif m memon,806BA1B9,university of maryland college park,03FD8454,22
ulrike sattler,78F0E64E,university of manchester,01B1760F,22
lawrence b holder,26207BE6,university of texas at arlington,0B46E8A6,22
quoc v le,7E2B669B,stanford university,05C86094,22
martijn stam,7DC622C3,university of bristol,0228E4F2,22
evgeniy gabrilovich,6B93198F,yahoo,4F05DC4B,22
somesh jha,7EA595EC,university of wisconsin madison,0810AAFA,22
raymond chiwing wong,7EA958E4,hong kong university of science and technology,0BF77E37,22
claire kenyon,80955106,university of paris sud,0617689C,22
houari sahraoui,02927628,universite de montreal,043A55FE,22
saumya debray,7C666F76,university of arizona,0839CEE3,22
helen j wang,7E906D50,microsoft,4CE6FC2D,22
gunnar ratsch,0A061C9C,max planck society,08EF476D,22
frederic t chong,85515B25,university of california santa barbara,09368EC9,22
andrea de lucia,7ED85C7F,university of salerno,07DA0A1C,21
steve hodges,8008187F,microsoft,4CE6FC2D,21
thorsten von eicken,814BF5F0,cornell university,0C4400FF,21
yury makarychev,76ED120D,princeton university,01328BF3,21
li guo,7E7B4F6C,chinese academy of sciences,012E6F4E,21
badrish chandramouli,7D78B088,microsoft,4CE6FC2D,21
chadi barakat,233480E2,french institute for research in computer science and automation,4F10C1EB,21
heidar ali shayanfar,769D94AB,iran university of science and technology,03FE7DA4,21
deborah silver,7F104975,rutgers university,06194FDE,21
junzhou huang,7D911C7F,university of texas at arlington,0B46E8A6,21
paolo ferragina,1FB3D39A,university of pisa,067461C8,21
rob procter,79708394,university of edinburgh,05E1B1D9,21
stella x yu,7E5682BC,boston college,062BC2E4,21
xiaoqin zhang,7F37C00D,wenzhou university,08BD4183,21
mahesh k marina,7F7FAF70,university of edinburgh,05E1B1D9,21
mario marchand,7EE1B7B0,laval university,02965656,21
guofei jiang,813A6EAD,nec,070DD5D4,21
emilia mendes,6D082425,university of auckland,092FD9CF,21
michael j lyons,8289F29F,ritsumeikan university,0817AB42,21
douglas b terry,82C1CB99,xerox,02066FCD,21
tony veale,44322BE6,university college dublin,06041575,21
kari pulli,76003C04,nvidia,4DBAC46F,21
mitch cherniack,776B46BA,brandeis university,006952C5,21
harrick vin,787055C5,university of texas at austin,05282E0D,21
jerry l prince,804EFBBC,johns hopkins university,08A948CC,21
dan grossman,8597AD7C,university of washington,0C01DCFD,21
nattiya kanhabua,09E725EB,leibniz university of hanover,06CD3667,21
barnabas poczos,11BC35AE,carnegie mellon university,0477FFD3,21
james caverlee,78EFB017,texas a m university,056D3FC6,21
iftach haitner,4AA2044C,weizmann institute of science,03376F29,21
lingxiao jiang,7F5D9A8D,singapore management university,04C30B43,21
mehdi jazayeri,77E60F82,university of lugano,0368D319,21
anthony tang,7D656F12,university of calgary,0A0D2BAD,21
jianping pan,7EE58D74,university of victoria,0CA4B187,21
georg buscher,82B13498,microsoft,4CE6FC2D,21
martin glinz,810C4285,university of zurich,0C14EACF,21
ming li,7FBBF39E,worcester polytechnic institute,0661DECB,21
harry b hunt,7E8B39C8,university at albany suny,0005FC5A,21
dino pedreschi,00768F35,university of pisa,067461C8,21
mark blythe,7DB6A7E7,university of york,031AFA6D,21
luis gravano,8631961C,columbia university,04AF010A,21
satyen kale,8045C2FF,princeton university,01328BF3,21
nir shavit,7B79D435,tel aviv university,00FA1C18,21
eugene agichtein,8627B9FD,emory university,08F7F83A,21
khosrow sohraby,78EBBD07,university of missouri kansas city,047ED7D5,21
john kubiatowicz,2978E5F9,university of california berkeley,05B090CE,21
dell zhang,80A4CFEE,birkbeck university of london,05DB5368,21
andreas dengel,2BC5B488,german research centre for artificial intelligence,01FB725A,20
michel abdalla,7FC09AA3,ecole normale superieure,01C3C549,20
jialie shen,7F7CDC9E,singapore management university,04C30B43,20
hong wang,7DB5A190,intel,500F4F9C,20
martin dyer,7E852414,university of leeds,07CC4A10,20
haggai roitman,724EFCD2,ibm,4FF45383,20
amer diwan,82C8A2BF,university of colorado boulder,0B3CDF24,20
sargur n srihari,7B5A348A,university at buffalo,03C436D1,20
mark d smucker,74CE9DD1,university of waterloo,090B77B3,20
john r smith,7FB90EFD,ibm,4FF45383,20
xiaodong lin,7EF517A4,information technology university,4EDF3BB0,20
tore risch,7C5D3C0F,uppsala university,075ABF1F,20
letizia tanca,2AE0BF5C,instituto politecnico nacional,0389C918,20
brian r gaines,29C11F6C,university of calgary,0A0D2BAD,20
bir bhanu,6BB7FC8E,university of california riverside,062D596B,20
younkyung lim,80111A3F,kaist,09630970,20
trishul m chilimbi,7BCD182E,microsoft,4CE6FC2D,20
edward a fox,80B06F45,virginia tech,3333E44B,20
tamal k dey,7D74E03F,ohio state university,031EE95E,20
adrian segall,7FA88451,technion israel institute of technology,0A63B3A3,20
zhuoqing morley mao,7E7717D9,university of michigan,01A8C383,20
martin may,80D81F2B,eth zurich,021CC5D8,20
oscar castillo,81BC9431,americorps vista,4F14D3E8,20
wilfred ng,815A4B73,hong kong university of science and technology,0BF77E37,20
naomi yamashita,7DF771F6,nippon telegraph and telephone,86366AC3,20
miguel a carreiraperpinan,7B7BC30D,university of california merced,094DB5D4,20
franz wotawa,10A2FCFB,graz university of technology,003E7116,20
shaowen bardzell,862CBCAE,indiana university bloomington,09DC92C5,20
mark v pauly,787A0B54,wharton school of the university of pennsylvania,07BAB9E7,20
paolo paolini,82B63F82,instituto politecnico nacional,0389C918,20
anthony j hornof,0D890A41,university of oregon,0ACD6604,20
ali mesbah,788B1845,university of british columbia,0875EA92,20
danny dolev,76369DB8,hebrew university of jerusalem,0BC1D058,20
steven j jackson,82C54E2C,cornell university,0C4400FF,20
antonia bertolino,80FE7482,istituto di scienza e tecnologie dell informazione,0754B26A,20
bruce h thomas,7E8A7C71,university of south australia,0A25A483,20
ingrid zukerman,2470EC2E,monash university clayton campus,04AEE5C7,20
todd k leen,0229AF1E,ogi school of science and engineering,05E5F910,20
eric simon,82B97CD0,french institute for research in computer science and automation,4F10C1EB,20
jorge a baier,7678A5A8,pontifical catholic university of chile,09AA300F,20
mark grechanik,7A1E5559,accenture,4E1BB800,20
nir piterman,01C92BF7,university of leicester,09287CDD,20
xavier leroy,26164315,french institute for research in computer science and automation,4F10C1EB,20
peter g neumann,7EE60F10,sri international,4D634C00,20
ellen isaacs,76166AAD,parc,0A575E93,20
shivnath babu,82C3084A,duke university,0A2FAFA5,20
rui yan,7DB673F9,peking university,0134B592,20
miguel a otaduy,7F7C0AC0,university of north carolina at chapel hill,06CBEAA9,20
nathan keller,798A4644,institute of mathematics,074492CB,20
jonathan m mccune,7EA66F42,carnegie mellon university,0477FFD3,20
yuri gurevich,8064DF2D,microsoft,4CE6FC2D,20
david cohn,804D6661,massachusetts institute of technology,03D00B37,20
alan murray,81E91A4F,university of edinburgh,05E1B1D9,20
erik stolterman,05741348,indiana university bloomington,09DC92C5,20
wang yi,7EA00322,uppsala university,075ABF1F,20
thomas karagiannis,7D741639,microsoft,4CE6FC2D,20
jeremy g siek,05C44AE3,university of colorado boulder,0B3CDF24,20
andreas dietrich,7F1E10D1,saarland university,05776AD7,20
yong cui,7EA4E305,tsinghua university,05E79D01,20
hanwei shen,7F54B90B,ohio state university,031EE95E,20
jeandaniel fekete,80723561,french institute for research in computer science and automation,4F10C1EB,20
soung chang liew,80E914C0,the chinese university of hong kong,0A97E0C1,19
roni yagel,0E09E895,ohio state university,031EE95E,19
anders sogaard,7D34DA6A,university of copenhagen,0764F090,19
qixing huang,811D250B,stanford university,05C86094,19
axel legay,7CDB1E00,french institute for research in computer science and automation,4F10C1EB,19
victor c m leung,29083198,university of british columbia,0875EA92,19
xin wang,851EAA12,stony brook university,038CB6F6,19
li zhang,7E3A4EF7,ibm,4FF45383,19
chris buckley,7DD8F3DC,cornell university,0C4400FF,19
kurt maly,2AEBDEEE,old dominion university,04D98949,19
jose miguel hernandezlobato,3F47E684,autonomous university of madrid,03CAFC05,19
daniel f keefe,7E5075B6,university of minnesota,07C34834,19
janet e burge,80CD7303,miami university,04F77DC2,19
lachlan l h andrew,7D642D9E,swinburne university of technology,03672BD5,19
hiroyuki kitagawa,7EA8E565,university of tsukuba,08B9DFEF,19
haruo takemura,821F88C4,osaka university,05DBB954,19
h luo,80ED1B01,university of edinburgh,05E1B1D9,19
george furnas,786432B3,university of michigan school of information,04FD6759,19
david molnar,77497F88,microsoft,4CE6FC2D,19
george p copeland,836320C1,monroe community college,0527E2AB,19
alvin m despain,80395C34,university of southern california,0011EAC4,19
yoshinori hara,81154EB4,nec,070DD5D4,19
lawrence a rowe,85ABCCE1,university of california berkeley,05B090CE,19
dejan kostic,74A29FA2,ecole polytechnique federale de lausanne,004E3300,19
michael d harrison,815C2E49,university of york,031AFA6D,19
tatjun chin,76E22AA7,university of adelaide,0056B275,19
nikos komodakis,11DF3FF0,university of crete,08802AB2,19
mubarak shah,80DFFC20,university of central florida,0653F611,19
mauricio hernandez,7E378A7E,ibm,4FF45383,19
shiqiang yang,7ECA3CAF,tsinghua university,05E79D01,19
padhraic smyth,7F612BC9,university of california irvine,0C2C9DD2,19
zenglin xu,80ABE0C5,the chinese university of hong kong,0A97E0C1,19
siwei lyu,7AF25FAD,university at albany suny,0005FC5A,19
jan vondrak,109342C4,ibm,4FF45383,19
william m wells,7D9BBA44,harvard medical school,08B4B7FF,19
francois faure,80003362,centre national de la recherche scientifique,4D2B1EE6,19
michael stark,7D292199,max planck society,08EF476D,19
kuanta chen,801AE3A9,academia sinica,050BB43F,19
grzegorz kondrak,13B7FEAA,university of alberta,093456D7,19
jianping fan,7D5B9BF1,university of north carolina at charlotte,0616AB9C,19
uriel feige,7C72EF28,weizmann institute of science,03376F29,19
mark johnson,7EADAD34,brown university,01A842AA,19
samir r das,80814C18,stony brook university,038CB6F6,19
bohyung han,7E06CB9F,pohang university of science and technology,0762929E,19
santosh pande,7DA37D71,georgia institute of technology,07CA5884,19
john williamson,7E5C9791,university of glasgow,00784876,19
michel x goemans,27CBA357,massachusetts institute of technology,03D00B37,19
isaac cohen,7F77328C,university of southern california,0011EAC4,19
chris peikert,4A760B20,georgia institute of technology,07CA5884,19
w b croft,733A2AD2,university of massachusetts amherst,01776B6C,19
li cheng,8160FEA9,agency for science technology and research,06DE3FEB,19
alessandro saffiotti,2B2E17F3,orebro university,01936685,19
liefeng bo,7ED10BEC,xidian university,08EAA2CB,19
sanqi li,8632A902,university of texas at austin,05282E0D,19
nuttapong chentanez,854A8039,nvidia,4DBAC46F,19
haizhou ai,7E036F1B,tsinghua university,05E79D01,19
luca de alfaro,7EEB746D,university of california santa cruz,0B08755E,19
koushik kar,7FEE4DE3,rensselaer polytechnic institute,09E1E653,19
xiaodong he,7D91AB65,microsoft,4CE6FC2D,19
mario sznaier,78F6562A,pennsylvania state university,07CB626B,19
s roth,7FBE72C5,carnegie mellon university,0477FFD3,19
ali farhadi,767FDAF6,university of illinois at urbana champaign,0966B229,19
susan p wyche,28C3163D,georgia institute of technology,07CA5884,19
prasad m deshpande,7F48878A,ibm,4FF45383,19
wenchao zhou,7DD53324,university of pennsylvania,04BE3F72,19
brian noble,7D6D7D85,university of michigan,01A8C383,19
michael l littman,74157DF7,rutgers university,06194FDE,19
michael a peshkin,0F22A54A,northwestern university,06ACAD91,19
forrest shull,811C54C1,fraunhofer society,004B1FBC,19
shelly farnham,2B159F2F,microsoft,4CE6FC2D,19
mary k vernon,8557C361,university of wisconsin madison,0810AAFA,18
inderpal singh mumick,06B5D351,at t,4C7A9B63,18
raphael rom,7D8882F4,technion israel institute of technology,0A63B3A3,18
daji qiao,8174F843,iowa state university,0A5DAC76,18
walter binder,8311B7C2,university of lugano,0368D319,18
yu sasaki,852A10D5,university of electro communications,0139433B,18
yves grandvalet,0176FA44,centre national de la recherche scientifique,4D2B1EE6,18
arnon amir,8150A169,ibm,4FF45383,18
lloyd rutledge,7ED69735,college of western idaho,2BECA4ED,18
douglas b lenat,8554E8D1,stanford university,05C86094,18
kalervo jarvelin,033B8DC1,university of tampere,09F18F79,18
siaucheng khoo,815694AE,national university of singapore,09E3EE34,18
xiaoming liu,82D81E0D,ge global research,09F90C50,18
james aspnes,79C923E3,yale university,01F71AD0,18
daniel rueckert,81492EFB,imperial college london,02D4EDF8,18
raghav kaushik,80AD1FC1,microsoft,4CE6FC2D,18
michael a bender,84A71950,stony brook university,038CB6F6,18
srihari nelakuditi,01166E1A,university of south carolina,09490884,18
fred a hamprecht,0D35D429,heidelberg university,0D57443D,18
isabelle guyon,7B02D320,university of california berkeley,05B090CE,18
mirek riedewald,7EDCB657,cornell university,0C4400FF,18
nathan a carr,80F60B47,adobe systems,4DDE3B69,18
danny h k tsang,2BDEC918,hong kong university of science and technology,0BF77E37,18
ling huang,800B08F4,intel,500F4F9C,18
luc florack,79ABB16E,eindhoven university of technology,04F2C66A,18
ji?i matousek,7F8D9CB5,charles university in prague,01444027,18
juris hartmanis,13866774,cornell university,0C4400FF,18
david sontag,80F705B7,new york university,0368E8BE,18
christoph treude,117C3207,university of victoria,0CA4B187,18
abdur chowdhury,804F9F03,illinois institute of technology,0AC9113B,18
masashi toyoda,7DF2EBFC,university of tokyo,04756336,18
matt jones,809E4921,swansea university,025C0B1D,18
mike papazoglou,7D0AE5A4,tilburg university,0B8BA2BB,18
niels christian nilsson,80F14FA7,aalborg university copenhagen,06DA7DC2,18
l darrell whitley,71F4B11E,colorado state university,0582A04E,18
leonid g kazovsky,019AD3F9,stanford university,05C86094,18
frans kaashoek,4E81773D,massachusetts institute of technology,03D00B37,18
lorenzo alvisi,4E2D9121,university of texas at austin,05282E0D,18
darren gergle,77647FDF,northwestern university,06ACAD91,18
j k aggarwal,82F0C9F0,university of texas at austin,05282E0D,18
ryan schmidt,803C3DF2,university of toronto,0B0ADEB6,18
daniela florescu,7A046857,eth zurich,021CC5D8,18
michail vlachos,7FEB7A83,ibm,4FF45383,18
yuval elovici,10F24683,ben gurion university of the negev,07679147,18
jiri matas,7CEFE0B8,czech technical university in prague,02A71496,18
timothy g griffin,7FBB2535,university of cambridge,0003B055,18
aamer jaleel,7DF4AA73,intel,500F4F9C,18
leonardo bonanni,790064B5,massachusetts institute of technology,03D00B37,18
ian h witten,80F39323,university of waikato,031C31BE,18
zvika brakerski,13C19334,weizmann institute of science,03376F29,18
ada waichee fu,8113B359,the chinese university of hong kong,0A97E0C1,18
marco canini,7BF33803,ecole polytechnique federale de lausanne,004E3300,18
kentaro inui,7C431E3C,nara institute of science and technology,04866877,18
bruce jacob,7D1FCAD4,university of maryland college park,03FD8454,18
christina lioma,6085B7A4,university of glasgow,00784876,18
alex samorodnitsky,112F6C80,hebrew university of jerusalem,0BC1D058,18
anindya banerjee,7E938E79,kansas state university,0B4CEC90,18
jeffrey c mogul,784ED974,university of michigan,01A8C383,18
christof koch,824E371A,california institute of technology,074BDB0A,18
kenji doya,047C3A58,okinawa institute of science and technology,08807A39,18
michael j freedman,7FCB5BB6,princeton university,01328BF3,18
abbas edalat,0962D5F3,imperial college london,02D4EDF8,18
yong ge,7E9ED0F1,university of north carolina at charlotte,0616AB9C,18
paul c van oorschot,25CE5BFE,carleton university,03FED160,18
claudia perlich,09D303D9,ibm,4FF45383,18
limsoon wong,838A0415,national university of singapore,09E3EE34,18
jack h lutz,7650CC3B,iowa state university,0A5DAC76,18
susan horwitz,75B08B78,university of wisconsin madison,0810AAFA,18
nina mishra,7EA13224,microsoft,4CE6FC2D,18
alon y levy,80D81649,university of washington,0C01DCFD,18
claudio s pinhanez,13219C76,ibm,4FF45383,18
simeon j simoff,2BCF68A7,university of western sydney,03C9544D,18
richard e hank,0FA04B05,university of illinois at urbana champaign,0966B229,17
hsunping hsieh,7DBE3A96,national taiwan university,00FF56A8,17
rynson w h lau,7D709FF2,city university of hong kong,0A0E755C,17
joseph goguen,7AF08014,university of california san diego,0229448F,17
raffaele perego,62606AFB,istituto di scienza e tecnologie dell informazione,0754B26A,17
nicole b ellison,7B74F52D,michigan state university,0532D181,17
wolfgang de meuter,05950D25,vrije universiteit brussel,00CD8766,17
wanli ouyang,7F790F6C,the chinese university of hong kong,0A97E0C1,17
christoph trattner,14015C97,graz university of technology,003E7116,17
mark s drew,814438D0,simon fraser university,0112E226,17
mayank goel,7D32887E,university of washington,0C01DCFD,17
rosta farzan,830CD2F9,university of pittsburgh,0A2510E5,17
gary hsieh,7DEBC1BD,carnegie mellon university,0477FFD3,17
jon m kleinberg,28912C51,carnegie mellon university,0477FFD3,17
robert grossman,7CE36F02,university of illinois at chicago,0259891E,17
galina jiraskova,0E362A22,slovak academy of sciences,0C601A7F,17
danupon nanongkai,10F2ECFF,university of vienna,07BC3356,17
klausrobert muller,77F7EB40,fraunhofer society,004B1FBC,17
craig e wills,7F942C81,worcester polytechnic institute,0661DECB,17
alessandro panconesi,82C105E0,sapienza university of rome,335ED749,17
s c cheung,8003331A,hong kong university of science and technology,0BF77E37,17
quentin jones,79B8995F,new jersey institute of technology,070A58AF,17
robert stevens,7FF89DC6,university of manchester,01B1760F,17
jarek gryz,77191425,york university,0B78A521,17
goetz botterweck,78348F69,university of limerick,0DBD1368,17
serge plotkin,7CEA5CFC,stanford university,05C86094,17
sarfraz khurshid,85DB5B81,university of texas at austin,05282E0D,17
linda m northrop,2B02E49C,software engineering institute,06D74A38,17
jaideep vaidya,810532C5,rutgers newark,026778A2,17
victor vianu,0916DE4A,university of california san diego,0229448F,17
allison lewko,796A399C,university of texas at austin,05282E0D,17
meikel poess,0A49A618,oracle corporation,500B3463,17
ole sejer iversen,7ACECABE,aarhus university,0C2DEF79,17
robert l nord,2958D38A,software engineering institute,06D74A38,17
jun xu,8516FC83,georgia institute of technology,07CA5884,17
moira burke,80744BA3,carnegie mellon university,0477FFD3,17
didier colle,8007A92F,ghent university,01F164D0,17
zhenfu cao,7FC94B6B,shanghai jiao tong university,0AE9651A,17
scott bateman,804BFEDF,university of saskatchewan,01F1D439,17
jarek rossignac,798520DB,georgia institute of technology,07CA5884,17
apu kapadia,7EC24F59,indiana university bloomington,09DC92C5,17
thorsten karrer,79846D83,rwth aachen university,34ED541F,17
vinod vaikuntanathan,81E931F3,massachusetts institute of technology,03D00B37,17
hanoch levy,80173F55,tel aviv university,00FA1C18,17
xianghua ding,7D0CEC1C,fudan university,017C99DB,17
gregory piatetskyshapiro,0DFFD556,new york university,0368E8BE,17
rudolf bayer,7C06308D,technische universitat munchen,03C0079C,17
xiaojuan ma,8174B219,princeton university,01328BF3,17
alexandros biliris,1E21C657,at t,4C7A9B63,17
hsinchun chen,809C8E9F,university of arizona,0839CEE3,17
marcelo cintra,7FC67783,university of edinburgh,05E1B1D9,17
jiming chen,80DF5EF9,zhejiang university,0489A984,17
prasad tetali,081007F2,georgia institute of technology,07CA5884,17
ugo dal lago,17287D25,university of bologna,008ED3A6,17
serge gaspers,713654D8,vienna university of technology,08B17323,17
leana golubchik,0F8803D7,university of southern california,0011EAC4,17
tao yang,860DA6D2,university of california santa barbara,09368EC9,17
antonis a argyros,0C7BECDA,university of crete,08802AB2,17
ashwin machanavajjhala,7B995DCC,yahoo,4F05DC4B,17
holly rushmeier,0F6CBAB1,yale university,01F71AD0,17
anirban dasgupta,7F70E798,yahoo,4F05DC4B,17
andrea fusiello,09F24CF7,university of verona,071E8012,17
costin raiciu,0D51713C,university college london,02B09E25,17
kaiyin cheng,8096751C,national taiwan university,00FF56A8,17
geertjan houben,7A90108C,delft university of technology,05DCD65A,17
tal rabin,7DADBDED,ibm,4FF45383,17
heiko schuldt,78F58A77,university of basel,001C3B8F,17
ada waichee fu,8621721C,the chinese university of hong kong,0A97E0C1,17
manfred opper,74B9CAB6,aston university,0A15C811,17
robert p kurshan,036D7AAE,bell labs,044C0559,17
lizhu zhou,7FADF361,tsinghua university,05E79D01,17
paul l rosin,8112F252,cardiff university,04BD3A9F,17
r van liere,80A29665,college of western idaho,2BECA4ED,17
issei sato,800DD778,university of tokyo,04756336,17
jianke zhu,7EC1FD0D,zhejiang university,0489A984,17
holger hermanns,765D7F69,saarland university,05776AD7,16
bart goethals,76BC9A3F,university of antwerp,08E4D2D6,16
victor dalmau,7E71023D,pompeu fabra university,0A296B1E,16
beechung chen,804BA692,yahoo,4F05DC4B,16
ira assent,08A70995,rwth aachen university,34ED541F,16
adrien bousseau,755ED6F3,french institute for research in computer science and automation,4F10C1EB,16
paul j francis,80105417,australian national university,070DD774,16
christina brzuska,00EB3B0B,tel aviv university,00FA1C18,16
hao jiang,84304D40,boston college,062BC2E4,16
felix heide,7F10A268,university of british columbia,0875EA92,16
diane j cook,862ACF43,washington state university,04592826,16
gerti kappel,7FA90319,vienna university of technology,08B17323,16
tyngluh liu,80904C34,academia sinica,050BB43F,16
volker blanz,806CF26D,max planck society,08EF476D,16
jiwen lu,7F8EC99A,agency for science technology and research,06DE3FEB,16
xiaolong zhang,805862F9,pennsylvania state university,07CB626B,16
vladimir vapnik,788B7D6D,at t labs,4F872588,16
krishna v palem,7A08BAB2,georgia institute of technology,07CA5884,16
michael nebeling,11255D91,eth zurich,021CC5D8,16
patrick lincoln,7865DE75,sri international,4D634C00,16
walid maalej,405CD846,technische universitat munchen,03C0079C,16
michael doggett,7E779654,lund university,0B2D8123,16
guoying zhao,80149140,university of oulu,05DD2DB2,16
chandra krintz,7A4B16C0,university of california santa barbara,09368EC9,16
manuel costa,839073BB,microsoft,4CE6FC2D,16
liusheng huang,811F3D3C,university of science and technology of china,078A8AE9,16
shirish tatikonda,782AE04A,ohio state university,031EE95E,16
perry cheng,7FCE68ED,ibm,4FF45383,16
dimitris plexousakis,6843208C,university of crete,08802AB2,16
pearl pu,800FD3F6,ecole polytechnique federale de lausanne,004E3300,16
benjamin b kimia,86087A0E,brown university,01A842AA,16
rasmus tamstorf,7B1CE885,walt disney animation studios,4DA1E761,16
a n rajagopalan,76F025F4,indian institute of technology madras,017889A7,16
le gruenwald,82751037,university of oklahoma,0084A3B8,16
tseyu yeh,800281BF,university of michigan,01A8C383,16
dan port,7DF69E35,university of hawaii,4F5B50D5,16
fabricio benevenuto,75D18AC8,universidade federal de minas gerais,06918666,16
geraldine fitzpatrick,8015455A,university of sussex,09B136B8,16
sameh elnikety,784674DD,microsoft,4CE6FC2D,16
bruce porter,80DE24CC,university of texas at austin,05282E0D,16
andrei z broder,8561EDC1,new york state department of environmental conservation,4D4B6A15,16
james j thomas,806F8A7C,pacific northwest national laboratory,088001DA,16
alexander pretschner,667D262A,eth zurich,021CC5D8,16
joel i seiferas,0BFE32A4,university of rochester,005237C4,16
haiying shen,7D856181,clemson university,007B4591,16
ming zhang,7F5AD428,microsoft,4CE6FC2D,16
leefeng chien,7D2E9392,academia sinica,050BB43F,16
wangmeng zuo,7BED50F2,harbin institute of technology,0C37CBAD,16
jose a olivas,802E5D1B,university of castilla la mancha,04B854A6,16
chusong chen,811A1072,academia sinica,050BB43F,16
paul ammann,75EA3FB7,george mason university,09B2D407,16
p anandan,81322D53,yale university,01F71AD0,16
ingolf h kruger,7F77B52F,university of california san diego,0229448F,16
shojiro nishio,7DD45A3B,osaka university,05DBB954,16
corina sas,7CD7146C,lancaster university,0404AD5B,16
peter a dinda,7C8AA34D,northwestern university,06ACAD91,16
daniela damian,7CEE3DA0,university of victoria,0CA4B187,16
viet tung hoang,80A18D95,university of california davis,050513B0,16
j ramanujam,7C29D74F,louisiana state university,0742D5C5,16
slobodan ilic,7E7D4118,technische universitat munchen,03C0079C,16
stan matwin,82DDE50E,university of ottawa,09299093,16
krystian mikolajczyk,7A8B1944,university of surrey,01AFAF1B,16
barak a pearlmutter,80A2B74E,hamilton institute,01932344,16
shantanu h joshi,7EC4878C,university of california los angeles,099D876D,16
shai bendavid,54078239,technion israel institute of technology,0A63B3A3,16
amitabha mukerjee,7E9A2CD4,indian institute of technology kanpur,059DE5E4,16
satoshi nakamura,7FF6D69E,tohoku university,0C03398D,16
rajiv gupta,7D4F6074,university of arizona,0839CEE3,16
subbarao kambhampati,7524ECD6,arizona state university,0352694C,16
kevin fall,7C5C4357,intel,500F4F9C,16
felipe huici,81535721,nec,070DD5D4,16
alfred kobsa,2539DF7C,university of california irvine,0C2C9DD2,16
jonathan i maletic,12DAB89A,kent state university,08EF72DE,16
gennaro parlato,7CA84C9A,university of southampton,0296D744,16
marc a smith,7E4F19AF,microsoft,4CE6FC2D,16
hongjun lu,8458614E,national university of singapore,09E3EE34,16
xiaolei li,81A419ED,university of illinois at urbana champaign,0966B229,16
helena mentis,6492F1EA,microsoft,4CE6FC2D,16
raghu machiraju,79CE7AA4,ohio state university,031EE95E,16
david e goldberg,7D5455A7,university of illinois at urbana champaign,0966B229,16
arnaud doucet,765F6503,university of british columbia,0875EA92,16
wangchiew tan,80724BF4,university of california santa cruz,0B08755E,16
sebastian pado,0C2ADD4F,university of stuttgart,05F6E42A,16
mark perry,7CE8E52C,brunel university london,038AE3AA,16
nadir weibel,802AF10C,university of california san diego,0229448F,16
william aiello,757DEE09,at t labs,4F872588,16
henri e bal,7DDFD98B,vu university amsterdam,339CD1B3,16
alec wolman,7DCF5289,microsoft,4CE6FC2D,16
suhas diggavi,80FE0794,university of california los angeles,099D876D,16
kohei honda,81342A2C,queen mary university of london,09EA1A37,16
eva hornecker,28BD4EF1,university of strathclyde,0AD3BA36,16
vicki l hanson,7E0839B5,university of dundee,0A968F8B,16
ali mili,8022F8C0,new jersey institute of technology,070A58AF,16
sebastian rudolph,7E0AEE9D,karlsruhe institute of technology,0619822C,16
charles zhang,8287F5DB,hong kong university of science and technology,0BF77E37,16
gregory neven,787E8A78,ibm,4FF45383,16
thomas ellman,510C57B5,rutgers university,06194FDE,16
andrew b watson,7ED53AAF,ames research center,4C5370B9,16
chiwing fu,7F446301,nanyang technological university,0A4ACFBD,16
tao jiang,80C9944F,university of california riverside,062D596B,16
rakesh kumar,82432F25,university of illinois at urbana champaign,0966B229,15
rakesh agrawal,7F624C4C,microsoft,4CE6FC2D,15
thomas w malone,817FDF52,massachusetts institute of technology,03D00B37,15
frank thomson leighton,81D40B35,massachusetts institute of technology,03D00B37,15
david sarne,7FBBF220,bar ilan university,00D4F325,15
sean peisert,75BBA996,university of california davis,050513B0,15
lidan shou,7E430730,zhejiang university,0489A984,15
martin halvey,588ABCD2,university of glasgow,00784876,15
pavel avgustinov,13C45022,university of oxford,02642F55,15
jeffrey p bigham,8476C1EF,university of washington,0C01DCFD,15
thomas schwentick,05DEC696,technical university of dortmund,0BF0D6C3,15
nina taft,75E77DE8,intel,500F4F9C,15
joshua sunshine,7FDB2AAD,carnegie mellon university,0477FFD3,15
ahmed nabil belbachir,66D7C3BF,athlone institute of technology,090E69F4,15
amol deshpande,83848A2C,university of maryland college park,03FD8454,15
james bailey,860BCDA8,university of melbourne,09E1988B,15
fan bai,7E8852B4,general motors,070A9F1F,15
john oliensis,062A7E00,nec,070DD5D4,15
octavia camps,048A8C15,northeastern university,00C50601,15
luis a leiva,7F2A440E,polytechnic university of valencia,039459BF,15
rubaiat habib kazi,7E1058F3,national university of singapore,09E3EE34,15
slobodan vucetic,77F44D90,temple university,0507BBD7,15
vittorio ferrari,794DC390,university of brescia,04C3CCF3,15
rosa i arriaga,5E32486F,georgia institute of technology,07CA5884,15
debra j richardson,85ED6B52,university of california irvine,0C2C9DD2,15
sven seuken,3F66C6E6,harvard university,081E3F30,15
feng wu,7E6E1724,microsoft,4CE6FC2D,15
jochen triesch,75CD5778,institute for advanced study,0262EA12,15
mary lou maher,7D2DBA41,university of sydney,07B99BFA,15
anna korhonen,7DC9DDCF,university of cambridge,0003B055,15
martin reisslein,0D84B61A,arizona state university,0352694C,15
christopher d shaw,7F710010,simon fraser university,0112E226,15
jiliang wang,7D79F9A6,tsinghua university,05E79D01,15
abraham bernstein,7DF9EBC7,university of zurich,0C14EACF,15
chris harrison,7E91E8C8,carnegie mellon university,0477FFD3,15
wei zeng,7D8C0DC8,stony brook university,038CB6F6,15
doug decarlo,7E43AE04,rutgers university,06194FDE,15
jian yang,854124D1,nanjing university of science and technology,022B685F,15
fanny chevalier,7E90A62B,university of toronto,0B0ADEB6,15
karl n levitt,7DCAE87F,university of california davis,050513B0,15
dafna shahaf,4C0410FD,carnegie mellon university,0477FFD3,15
solomon boulos,791BD720,stanford university,05C86094,15
deborah estrin,81388FC0,university of california los angeles,099D876D,15
aleksandra sarcevic,68AA093F,drexel university,045716B5,15
christoph koch,858B2A33,ecole polytechnique federale de lausanne,004E3300,15
kaile su,80FB3887,griffith university,00B28C35,15
nizar habash,78B4AFE7,columbia university,04AF010A,15
gailjoon ahn,7DC51E6A,arizona state university,0352694C,15
manos tsagkias,0C5EA23F,university of amsterdam,34DF872C,15
jane huffman hayes,803899DA,university of kentucky,088AA042,15
greg walsh,7EE12F58,university of maryland college park,03FD8454,15
robert j moorhead,7FBC8D74,mississippi state university,05E740A3,15
philip g emma,7A2934AD,ibm,4FF45383,15
victor r basili,863C0620,university of maryland college park,03FD8454,15
